Elm Ion,WL_air(A),Excit(eV),log gf,Rad,Star,Waals,Lande,References
'C 1',       2478.56100,    2.684, -1.112, 0.000, 0.000, 0.000, 99.000,'   1 wl:NIST10   1 NIST10   1 gf:NIST10   1 NIST10   1 NIST10   1 NIST10   1 NIST10              C'
'C 1',       2582.89800,    2.684, -4.759, 0.000, 0.000, 0.000, 99.000,'   1 wl:NIST10   1 NIST10   1 gf:NIST10   1 NIST10   1 NIST10   1 NIST10   1 NIST10              C'
'C 1',       2902.23000,    8.847, -2.786, 0.000, 0.000, 0.000, 99.000,'   1 wl:NIST10   1 NIST10   1 gf:NIST10   1 NIST10   1 NIST10   1 NIST10   1 NIST10              C'
'C 1',       2903.27000,    8.848, -2.310, 0.000, 0.000, 0.000, 99.000,'   1 wl:NIST10   1 NIST10   1 gf:NIST10   1 NIST10   1 NIST10   1 NIST10   1 NIST10              C'
'C 1',       2905.00000,    8.851, -2.088, 0.000, 0.000, 0.000, 99.000,'   1 wl:NIST10   1 NIST10   1 gf:NIST10   1 NIST10   1 NIST10   1 NIST10   1 NIST10              C'
'C 1',       2964.84000,    0.002, -7.250, 0.000, 0.000, 0.000, 99.000,'   1 wl:NIST10   1 NIST10   1 gf:NIST10   1 NIST10   1 NIST10   1 NIST10   1 NIST10              C'
'C 1',       2967.21000,    0.005, -6.860, 0.000, 0.000, 0.000, 99.000,'   1 wl:NIST10   1 NIST10   1 gf:NIST10   1 NIST10   1 NIST10   1 NIST10   1 NIST10              C'
'C 1',       4371.36700,    7.685, -1.962, 0.000, 0.000, 0.000, 99.000,'   1 wl:NIST10   1 NIST10   1 gf:NIST10   1 NIST10   1 NIST10   1 NIST10   1 NIST10              C'
'C 1',       4621.57000,    0.002,-11.129, 0.000, 0.000, 0.000, 99.000,'   2 wl:NIST10   2 NIST10   2 gf:NIST10   2 NIST10   2 NIST10   2 NIST10   2 NIST10              C'
'C 1',       4734.26000,    7.946, -2.366, 0.000, 0.000, 0.000, 99.000,'   1 wl:NIST10   1 NIST10   1 gf:NIST10   1 NIST10   1 NIST10   1 NIST10   1 NIST10              C'
'C 1',       4734.91700,    7.946, -4.290, 0.000, 0.000, 0.000, 99.000,'   1 wl:NIST10   1 NIST10   1 gf:NIST10   1 NIST10   1 NIST10   1 NIST10   1 NIST10              C'
'C 1',       4735.16300,    7.946, -3.114, 0.000, 0.000, 0.000, 99.000,'   1 wl:NIST10   1 NIST10   1 gf:NIST10   1 NIST10   1 NIST10   1 NIST10   1 NIST10              C'
'C 1',       4738.21300,    7.946, -3.115, 0.000, 0.000, 0.000, 99.000,'   1 wl:NIST10   1 NIST10   1 gf:NIST10   1 NIST10   1 NIST10   1 NIST10   1 NIST10              C'
'C 1',       4738.46000,    7.946, -2.638, 0.000, 0.000, 0.000, 99.000,'   1 wl:NIST10   1 NIST10   1 gf:NIST10   1 NIST10   1 NIST10   1 NIST10   1 NIST10              C'
'C 1',       4742.56100,    7.946, -2.990, 0.000, 0.000, 0.000, 99.000,'   1 wl:NIST10   1 NIST10   1 gf:NIST10   1 NIST10   1 NIST10   1 NIST10   1 NIST10              C'
'C 1',       4762.31300,    7.480, -2.464, 0.000, 0.000, 0.000, 99.000,'   1 wl:NIST10   1 NIST10   1 gf:NIST10   1 NIST10   1 NIST10   1 NIST10   1 NIST10              C'
'C 1',       4762.53300,    7.483, -2.335, 0.000, 0.000, 0.000, 99.000,'   1 wl:NIST10   1 NIST10   1 gf:NIST10   1 NIST10   1 NIST10   1 NIST10   1 NIST10              C'
'C 1',       4766.67300,    7.483, -2.617, 0.000, 0.000, 0.000, 99.000,'   1 wl:NIST10   1 NIST10   1 gf:NIST10   1 NIST10   1 NIST10   1 NIST10   1 NIST10              C'
'C 1',       4770.02700,    7.483, -2.437, 0.000, 0.000, 0.000, 99.000,'   1 wl:NIST10   1 NIST10   1 gf:NIST10   1 NIST10   1 NIST10   1 NIST10   1 NIST10              C'
'C 1',       4771.74200,    7.488, -1.866, 0.000, 0.000, 0.000, 99.000,'   1 wl:NIST10   1 NIST10   1 gf:NIST10   1 NIST10   1 NIST10   1 NIST10   1 NIST10              C'
'C 1',       4775.89800,    7.488, -2.304, 0.000, 0.000, 0.000, 99.000,'   1 wl:NIST10   1 NIST10   1 gf:NIST10   1 NIST10   1 NIST10   1 NIST10   1 NIST10              C'
'C 1',       4812.92100,    7.480, -3.377, 0.000, 0.000, 0.000, 99.000,'   1 wl:NIST10   1 NIST10   1 gf:NIST10   1 NIST10   1 NIST10   1 NIST10   1 NIST10              C'
'C 1',       4817.37300,    7.483, -3.039, 0.000, 0.000, 0.000, 99.000,'   1 wl:NIST10   1 NIST10   1 gf:NIST10   1 NIST10   1 NIST10   1 NIST10   1 NIST10              C'
'C 1',       4826.79600,    7.488, -3.182, 0.000, 0.000, 0.000, 99.000,'   1 wl:NIST10   1 NIST10   1 gf:NIST10   1 NIST10   1 NIST10   1 NIST10   1 NIST10              C'
'C 1',       4932.04900,    7.685, -1.658, 0.000, 0.000, 0.000, 99.000,'   1 wl:NIST10   1 NIST10   1 gf:NIST10   1 NIST10   1 NIST10   1 NIST10   1 NIST10              C'
'C 1',       5011.26400,    7.946, -3.729, 0.000, 0.000, 0.000, 99.000,'   1 wl:NIST10   1 NIST10   1 gf:NIST10   1 NIST10   1 NIST10   1 NIST10   1 NIST10              C'
'C 1',       5012.02800,    7.946, -3.034, 0.000, 0.000, 0.000, 99.000,'   1 wl:NIST10   1 NIST10   1 gf:NIST10   1 NIST10   1 NIST10   1 NIST10   1 NIST10              C'
'C 1',       5012.27700,    7.946, -3.085, 0.000, 0.000, 0.000, 99.000,'   1 wl:NIST10   1 NIST10   1 gf:NIST10   1 NIST10   1 NIST10   1 NIST10   1 NIST10              C'
'C 1',       5017.08600,    7.946, -2.457, 0.000, 0.000, 0.000, 99.000,'   1 wl:NIST10   1 NIST10   1 gf:NIST10   1 NIST10   1 NIST10   1 NIST10   1 NIST10              C'
'C 1',       5017.78600,    7.946, -3.230, 0.000, 0.000, 0.000, 99.000,'   1 wl:NIST10   1 NIST10   1 gf:NIST10   1 NIST10   1 NIST10   1 NIST10   1 NIST10              C'
'C 1',       5018.06300,    7.946, -2.839, 0.000, 0.000, 0.000, 99.000,'   1 wl:NIST10   1 NIST10   1 gf:NIST10   1 NIST10   1 NIST10   1 NIST10   1 NIST10              C'
'C 1',       5023.84300,    7.946, -2.210, 0.000, 0.000, 0.000, 99.000,'   1 wl:NIST10   1 NIST10   1 gf:NIST10   1 NIST10   1 NIST10   1 NIST10   1 NIST10              C'
'C 1',       5024.91900,    7.946, -2.728, 0.000, 0.000, 0.000, 99.000,'   1 wl:NIST10   1 NIST10   1 gf:NIST10   1 NIST10   1 NIST10   1 NIST10   1 NIST10              C'
'C 1',       5039.05700,    7.946, -1.790, 0.000, 0.000, 0.000, 99.000,'   1 wl:NIST10   1 NIST10   1 gf:NIST10   1 NIST10   1 NIST10   1 NIST10   1 NIST10              C'
'C 1',       5040.12400,    7.946, -2.302, 0.000, 0.000, 0.000, 99.000,'   1 wl:NIST10   1 NIST10   1 gf:NIST10   1 NIST10   1 NIST10   1 NIST10   1 NIST10              C'
'C 1',       5041.48100,    7.946, -2.000, 0.000, 0.000, 0.000, 99.000,'   1 wl:NIST10   1 NIST10   1 gf:NIST10   1 NIST10   1 NIST10   1 NIST10   1 NIST10              C'
'C 1',       5041.76100,    7.946, -2.964, 0.000, 0.000, 0.000, 99.000,'   1 wl:NIST10   1 NIST10   1 gf:NIST10   1 NIST10   1 NIST10   1 NIST10   1 NIST10              C'
'C 1',       5041.78900,    7.946, -2.058, 0.000, 0.000, 0.000, 99.000,'   1 wl:NIST10   1 NIST10   1 gf:NIST10   1 NIST10   1 NIST10   1 NIST10   1 NIST10              C'
'C 1',       5052.16700,    7.685, -1.303, 0.000, 0.000, 0.000, 99.000,'   1 wl:NIST10   1 NIST10   1 gf:NIST10   1 NIST10   1 NIST10   1 NIST10   1 NIST10              C'
'C 1',       5053.51500,    8.537, -2.055, 0.000, 0.000, 0.000, 99.000,'   1 wl:NIST10   1 NIST10   1 gf:NIST10   1 NIST10   1 NIST10   1 NIST10   1 NIST10              C'
'C 1',       5268.94800,    8.537, -1.800, 0.000, 0.000, 0.000, 99.000,'   1 wl:NIST10   1 NIST10   1 gf:NIST10   1 NIST10   1 NIST10   1 NIST10   1 NIST10              C'
'C 1',       5290.99500,    8.640, -3.796, 0.000, 0.000, 0.000, 99.000,'   1 wl:NIST10   1 NIST10   1 gf:NIST10   1 NIST10   1 NIST10   1 NIST10   1 NIST10              C'
'C 1',       5296.93200,    8.643, -2.620, 0.000, 0.000, 0.000, 99.000,'   1 wl:NIST10   1 NIST10   1 gf:NIST10   1 NIST10   1 NIST10   1 NIST10   1 NIST10              C'
'C 1',       5300.87000,    8.640, -2.622, 0.000, 0.000, 0.000, 99.000,'   1 wl:NIST10   1 NIST10   1 gf:NIST10   1 NIST10   1 NIST10   1 NIST10   1 NIST10              C'
'C 1',       5302.36000,    8.640, -2.496, 0.000, 0.000, 0.000, 99.000,'   1 wl:NIST10   1 NIST10   1 gf:NIST10   1 NIST10   1 NIST10   1 NIST10   1 NIST10              C'
'C 1',       5306.31500,    8.647, -1.874, 0.000, 0.000, 0.000, 99.000,'   1 wl:NIST10   1 NIST10   1 gf:NIST10   1 NIST10   1 NIST10   1 NIST10   1 NIST10              C'
'C 1',       5306.83000,    8.643, -2.145, 0.000, 0.000, 0.000, 99.000,'   1 wl:NIST10   1 NIST10   1 gf:NIST10   1 NIST10   1 NIST10   1 NIST10   1 NIST10              C'
'C 1',       5380.33700,    7.685, -1.616, 0.000, 0.000, 0.000, 99.000,'   1 wl:NIST10   1 NIST10   1 gf:NIST10   1 NIST10   1 NIST10   1 NIST10   1 NIST10              C'
'C 1',       5534.25900,    8.640, -3.552, 0.000, 0.000, 0.000, 99.000,'   1 wl:NIST10   1 NIST10   1 gf:NIST10   1 NIST10   1 NIST10   1 NIST10   1 NIST10              C'
'C 1',       5540.75500,    8.643, -2.375, 0.000, 0.000, 0.000, 99.000,'   1 wl:NIST10   1 NIST10   1 gf:NIST10   1 NIST10   1 NIST10   1 NIST10   1 NIST10              C'
'C 1',       5545.05500,    8.640, -2.376, 0.000, 0.000, 0.000, 99.000,'   1 wl:NIST10   1 NIST10   1 gf:NIST10   1 NIST10   1 NIST10   1 NIST10   1 NIST10              C'
'C 1',       5547.26700,    8.640, -2.253, 0.000, 0.000, 0.000, 99.000,'   1 wl:NIST10   1 NIST10   1 gf:NIST10   1 NIST10   1 NIST10   1 NIST10   1 NIST10              C'
'C 1',       5551.02200,    8.647, -1.628, 0.000, 0.000, 0.000, 99.000,'   1 wl:NIST10   1 NIST10   1 gf:NIST10   1 NIST10   1 NIST10   1 NIST10   1 NIST10              C'
'C 1',       5551.57700,    8.643, -1.899, 0.000, 0.000, 0.000, 99.000,'   1 wl:NIST10   1 NIST10   1 gf:NIST10   1 NIST10   1 NIST10   1 NIST10   1 NIST10              C'
'C 1',       5603.72800,    8.771, -2.418, 0.000, 0.000, 0.000, 99.000,'   1 wl:NIST10   1 NIST10   1 gf:NIST10   1 NIST10   1 NIST10   1 NIST10   1 NIST10              C'
'C 1',       5614.80700,    8.771, -2.641, 0.000, 0.000, 0.000, 99.000,'   1 wl:NIST10   1 NIST10   1 gf:NIST10   1 NIST10   1 NIST10   1 NIST10   1 NIST10              C'
'C 1',       5616.47800,    8.771, -3.118, 0.000, 0.000, 0.000, 99.000,'   1 wl:NIST10   1 NIST10   1 gf:NIST10   1 NIST10   1 NIST10   1 NIST10   1 NIST10              C'
'C 1',       5668.94000,    8.537, -1.469, 0.000, 0.000, 0.000, 99.000,'   1 wl:NIST10   1 NIST10   1 gf:NIST10   1 NIST10   1 NIST10   1 NIST10   1 NIST10              C'
'C 1',       5780.72000,    8.847, -3.168, 0.000, 0.000, 0.000, 99.000,'   1 wl:NIST10   1 NIST10   1 gf:NIST10   1 NIST10   1 NIST10   1 NIST10   1 NIST10              C'
'C 1',       5784.03000,    8.848, -3.169, 0.000, 0.000, 0.000, 99.000,'   1 wl:NIST10   1 NIST10   1 gf:NIST10   1 NIST10   1 NIST10   1 NIST10   1 NIST10              C'
'C 1',       5784.86000,    8.848, -3.293, 0.000, 0.000, 0.000, 99.000,'   1 wl:NIST10   1 NIST10   1 gf:NIST10   1 NIST10   1 NIST10   1 NIST10   1 NIST10              C'
'C 1',       5788.15000,    8.848, -3.071, 0.000, 0.000, 0.000, 99.000,'   1 wl:NIST10   1 NIST10   1 gf:NIST10   1 NIST10   1 NIST10   1 NIST10   1 NIST10              C'
'C 1',       5791.73000,    8.851, -3.071, 0.000, 0.000, 0.000, 99.000,'   1 wl:NIST10   1 NIST10   1 gf:NIST10   1 NIST10   1 NIST10   1 NIST10   1 NIST10              C'
'C 1',       5793.12000,    7.946, -2.063, 0.000, 0.000, 0.000, 99.000,'   1 wl:NIST10   1 NIST10   1 gf:NIST10   1 NIST10   1 NIST10   1 NIST10   1 NIST10              C'
'C 1',       5794.10000,    7.946, -3.954, 0.000, 0.000, 0.000, 99.000,'   1 wl:NIST10   1 NIST10   1 gf:NIST10   1 NIST10   1 NIST10   1 NIST10   1 NIST10              C'
'C 1',       5794.47000,    7.946, -2.790, 0.000, 0.000, 0.000, 99.000,'   1 wl:NIST10   1 NIST10   1 gf:NIST10   1 NIST10   1 NIST10   1 NIST10   1 NIST10              C'
'C 1',       5795.02000,    8.851, -2.595, 0.000, 0.000, 0.000, 99.000,'   1 wl:NIST10   1 NIST10   1 gf:NIST10   1 NIST10   1 NIST10   1 NIST10   1 NIST10              C'
'C 1',       5800.23000,    7.946, -2.803, 0.000, 0.000, 0.000, 99.000,'   1 wl:NIST10   1 NIST10   1 gf:NIST10   1 NIST10   1 NIST10   1 NIST10   1 NIST10              C'
'C 1',       5800.60000,    7.946, -2.337, 0.000, 0.000, 0.000, 99.000,'   1 wl:NIST10   1 NIST10   1 gf:NIST10   1 NIST10   1 NIST10   1 NIST10   1 NIST10              C'
'C 1',       5805.20000,    7.946, -2.681, 0.000, 0.000, 0.000, 99.000,'   1 wl:NIST10   1 NIST10   1 gf:NIST10   1 NIST10   1 NIST10   1 NIST10   1 NIST10              C'
'C 1',       5805.81000,    8.848, -2.636, 0.000, 0.000, 0.000, 99.000,'   1 wl:NIST10   1 NIST10   1 gf:NIST10   1 NIST10   1 NIST10   1 NIST10   1 NIST10              C'
'C 1',       5812.72000,    8.851, -2.160, 0.000, 0.000, 0.000, 99.000,'   1 wl:NIST10   1 NIST10   1 gf:NIST10   1 NIST10   1 NIST10   1 NIST10   1 NIST10              C'
'C 1',       5813.51000,    8.847, -2.735, 0.000, 0.000, 0.000, 99.000,'   1 wl:NIST10   1 NIST10   1 gf:NIST10   1 NIST10   1 NIST10   1 NIST10   1 NIST10              C'
'C 1',       5817.70000,    8.848, -2.859, 0.000, 0.000, 0.000, 99.000,'   1 wl:NIST10   1 NIST10   1 gf:NIST10   1 NIST10   1 NIST10   1 NIST10   1 NIST10              C'
'C 1',       5819.49000,    8.848, -2.734, 0.000, 0.000, 0.000, 99.000,'   1 wl:NIST10   1 NIST10   1 gf:NIST10   1 NIST10   1 NIST10   1 NIST10   1 NIST10              C'
'C 1',       5824.64000,    8.851, -2.637, 0.000, 0.000, 0.000, 99.000,'   1 wl:NIST10   1 NIST10   1 gf:NIST10   1 NIST10   1 NIST10   1 NIST10   1 NIST10              C'
'C 1',       5877.34000,    8.771, -2.143, 0.000, 0.000, 0.000, 99.000,'   1 wl:NIST10   1 NIST10   1 gf:NIST10   1 NIST10   1 NIST10   1 NIST10   1 NIST10              C'
'C 1',       5889.52000,    8.771, -2.366, 0.000, 0.000, 0.000, 99.000,'   1 wl:NIST10   1 NIST10   1 gf:NIST10   1 NIST10   1 NIST10   1 NIST10   1 NIST10              C'
'C 1',       5892.02000,    8.771, -2.842, 0.000, 0.000, 0.000, 99.000,'   1 wl:NIST10   1 NIST10   1 gf:NIST10   1 NIST10   1 NIST10   1 NIST10   1 NIST10              C'
'C 1',       5969.32000,    7.946, -3.027, 0.000, 0.000, 0.000, 99.000,'   1 wl:NIST10   1 NIST10   1 gf:NIST10   1 NIST10   1 NIST10   1 NIST10   1 NIST10              C'
'C 1',       5986.40000,    8.640, -3.086, 0.000, 0.000, 0.000, 99.000,'   1 wl:NIST10   1 NIST10   1 gf:NIST10   1 NIST10   1 NIST10   1 NIST10   1 NIST10              C'
'C 1',       5990.98000,    8.643, -3.070, 0.000, 0.000, 0.000, 99.000,'   1 wl:NIST10   1 NIST10   1 gf:NIST10   1 NIST10   1 NIST10   1 NIST10   1 NIST10              C'
'C 1',       5993.50000,    8.640, -3.237, 0.000, 0.000, 0.000, 99.000,'   1 wl:NIST10   1 NIST10   1 gf:NIST10   1 NIST10   1 NIST10   1 NIST10   1 NIST10              C'
'C 1',       5994.00000,    8.643, -2.420, 0.000, 0.000, 0.000, 99.000,'   1 wl:NIST10   1 NIST10   1 gf:NIST10   1 NIST10   1 NIST10   1 NIST10   1 NIST10              C'
'C 1',       5996.05000,    8.640, -2.609, 0.000, 0.000, 0.000, 99.000,'   1 wl:NIST10   1 NIST10   1 gf:NIST10   1 NIST10   1 NIST10   1 NIST10   1 NIST10              C'
'C 1',       6001.13000,    8.643, -2.061, 0.000, 0.000, 0.000, 99.000,'   1 wl:NIST10   1 NIST10   1 gf:NIST10   1 NIST10   1 NIST10   1 NIST10   1 NIST10              C'
'C 1',       6002.98000,    8.647, -2.169, 0.000, 0.000, 0.000, 99.000,'   1 wl:NIST10   1 NIST10   1 gf:NIST10   1 NIST10   1 NIST10   1 NIST10   1 NIST10              C'
'C 1',       6003.67000,    8.643, -3.088, 0.000, 0.000, 0.000, 99.000,'   1 wl:NIST10   1 NIST10   1 gf:NIST10   1 NIST10   1 NIST10   1 NIST10   1 NIST10              C'
'C 1',       6006.03000,    8.647, -3.071, 0.000, 0.000, 0.000, 99.000,'   1 wl:NIST10   1 NIST10   1 gf:NIST10   1 NIST10   1 NIST10   1 NIST10   1 NIST10              C'
'C 1',       6007.18000,    8.640, -2.062, 0.000, 0.000, 0.000, 99.000,'   1 wl:NIST10   1 NIST10   1 gf:NIST10   1 NIST10   1 NIST10   1 NIST10   1 NIST10              C'
'C 1',       6010.68000,    8.640, -1.938, 0.000, 0.000, 0.000, 99.000,'   1 wl:NIST10   1 NIST10   1 gf:NIST10   1 NIST10   1 NIST10   1 NIST10   1 NIST10              C'
'C 1',       6012.23000,    8.640, -2.005, 0.000, 0.000, 0.000, 99.000,'   1 wl:NIST10   1 NIST10   1 gf:NIST10   1 NIST10   1 NIST10   1 NIST10   1 NIST10              C'
'C 1',       6013.17000,    8.647, -1.314, 0.000, 0.000, 0.000, 99.000,'   1 wl:NIST10   1 NIST10   1 gf:NIST10   1 NIST10   1 NIST10   1 NIST10   1 NIST10              C'
'C 1',       6013.22000,    8.647, -1.673, 0.000, 0.000, 0.000, 99.000,'   1 wl:NIST10   1 NIST10   1 gf:NIST10   1 NIST10   1 NIST10   1 NIST10   1 NIST10              C'
'C 1',       6014.84000,    8.643, -1.584, 0.000, 0.000, 0.000, 99.000,'   1 wl:NIST10   1 NIST10   1 gf:NIST10   1 NIST10   1 NIST10   1 NIST10   1 NIST10              C'
'C 1',       6016.45000,    8.643, -1.834, 0.000, 0.000, 0.000, 99.000,'   1 wl:NIST10   1 NIST10   1 gf:NIST10   1 NIST10   1 NIST10   1 NIST10   1 NIST10              C'
'C 1',       6019.90000,    8.643, -2.736, 0.000, 0.000, 0.000, 99.000,'   1 wl:NIST10   1 NIST10   1 gf:NIST10   1 NIST10   1 NIST10   1 NIST10   1 NIST10              C'
'C 1',       6028.56000,    8.647, -2.736, 0.000, 0.000, 0.000, 99.000,'   1 wl:NIST10   1 NIST10   1 gf:NIST10   1 NIST10   1 NIST10   1 NIST10   1 NIST10              C'
'C 1',       6032.02000,    8.647, -4.285, 0.000, 0.000, 0.000, 99.000,'   1 wl:NIST10   1 NIST10   1 gf:NIST10   1 NIST10   1 NIST10   1 NIST10   1 NIST10              C'
'C 1',       6062.09000,    8.847, -2.847, 0.000, 0.000, 0.000, 99.000,'   1 wl:NIST10   1 NIST10   1 gf:NIST10   1 NIST10   1 NIST10   1 NIST10   1 NIST10              C'
'C 1',       6065.55000,    8.848, -2.847, 0.000, 0.000, 0.000, 99.000,'   1 wl:NIST10   1 NIST10   1 gf:NIST10   1 NIST10   1 NIST10   1 NIST10   1 NIST10              C'
'C 1',       6066.65000,    8.848, -2.972, 0.000, 0.000, 0.000, 99.000,'   1 wl:NIST10   1 NIST10   1 gf:NIST10   1 NIST10   1 NIST10   1 NIST10   1 NIST10              C'
'C 1',       6070.83000,    8.848, -2.750, 0.000, 0.000, 0.000, 99.000,'   1 wl:NIST10   1 NIST10   1 gf:NIST10   1 NIST10   1 NIST10   1 NIST10   1 NIST10              C'
'C 1',       6074.20000,    8.851, -2.750, 0.000, 0.000, 0.000, 99.000,'   1 wl:NIST10   1 NIST10   1 gf:NIST10   1 NIST10   1 NIST10   1 NIST10   1 NIST10              C'
'C 1',       6078.39000,    8.851, -2.274, 0.000, 0.000, 0.000, 99.000,'   1 wl:NIST10   1 NIST10   1 gf:NIST10   1 NIST10   1 NIST10   1 NIST10   1 NIST10              C'
'C 1',       6100.03000,    8.848, -2.411, 0.000, 0.000, 0.000, 99.000,'   1 wl:NIST10   1 NIST10   1 gf:NIST10   1 NIST10   1 NIST10   1 NIST10   1 NIST10              C'
'C 1',       6107.66000,    8.851, -1.933, 0.000, 0.000, 0.000, 99.000,'   1 wl:NIST10   1 NIST10   1 gf:NIST10   1 NIST10   1 NIST10   1 NIST10   1 NIST10              C'
'C 1',       6108.52000,    8.847, -2.508, 0.000, 0.000, 0.000, 99.000,'   1 wl:NIST10   1 NIST10   1 gf:NIST10   1 NIST10   1 NIST10   1 NIST10   1 NIST10              C'
'C 1',       6113.15000,    8.848, -2.631, 0.000, 0.000, 0.000, 99.000,'   1 wl:NIST10   1 NIST10   1 gf:NIST10   1 NIST10   1 NIST10   1 NIST10   1 NIST10              C'
'C 1',       6115.84000,    8.848, -2.507, 0.000, 0.000, 0.000, 99.000,'   1 wl:NIST10   1 NIST10   1 gf:NIST10   1 NIST10   1 NIST10   1 NIST10   1 NIST10              C'
'C 1',       6120.81000,    8.851, -2.411, 0.000, 0.000, 0.000, 99.000,'   1 wl:NIST10   1 NIST10   1 gf:NIST10   1 NIST10   1 NIST10   1 NIST10   1 NIST10              C'
'C 1',       6292.36000,    9.003, -2.209, 0.000, 0.000, 0.000, 99.000,'   1 wl:NIST10   1 NIST10   1 gf:NIST10   1 NIST10   1 NIST10   1 NIST10   1 NIST10              C'
'C 1',       6397.97000,    8.771, -1.778, 0.000, 0.000, 0.000, 99.000,'   1 wl:NIST10   1 NIST10   1 gf:NIST10   1 NIST10   1 NIST10   1 NIST10   1 NIST10              C'
'C 1',       6413.55000,    8.771, -2.001, 0.000, 0.000, 0.000, 99.000,'   1 wl:NIST10   1 NIST10   1 gf:NIST10   1 NIST10   1 NIST10   1 NIST10   1 NIST10              C'
'C 1',       6417.54000,    8.771, -2.478, 0.000, 0.000, 0.000, 99.000,'   1 wl:NIST10   1 NIST10   1 gf:NIST10   1 NIST10   1 NIST10   1 NIST10   1 NIST10              C'
'C 1',       6568.73000,    9.003, -2.168, 0.000, 0.000, 0.000, 99.000,'   1 wl:NIST10   1 NIST10   1 gf:NIST10   1 NIST10   1 NIST10   1 NIST10   1 NIST10              C'
'C 1',       6586.27000,    9.003, -2.043, 0.000, 0.000, 0.000, 99.000,'   1 wl:NIST10   1 NIST10   1 gf:NIST10   1 NIST10   1 NIST10   1 NIST10   1 NIST10              C'
'C 1',       6587.61000,    8.537, -1.003, 0.000, 0.000, 0.000, 99.000,'   1 wl:NIST10   1 NIST10   1 gf:NIST10   1 NIST10   1 NIST10   1 NIST10   1 NIST10              C'
'C 1',       6591.46000,    8.847, -2.410, 0.000, 0.000, 0.000, 99.000,'   1 wl:NIST10   1 NIST10   1 gf:NIST10   1 NIST10   1 NIST10   1 NIST10   1 NIST10              C'
'C 1',       6595.24000,    8.848, -2.410, 0.000, 0.000, 0.000, 99.000,'   1 wl:NIST10   1 NIST10   1 gf:NIST10   1 NIST10   1 NIST10   1 NIST10   1 NIST10              C'
'C 1',       6596.85000,    8.848, -2.535, 0.000, 0.000, 0.000, 99.000,'   1 wl:NIST10   1 NIST10   1 gf:NIST10   1 NIST10   1 NIST10   1 NIST10   1 NIST10              C'
'C 1',       6602.41000,    8.848, -1.382, 0.000, 0.000, 0.000, 99.000,'   1 wl:NIST10   1 NIST10   1 gf:NIST10   1 NIST10   1 NIST10   1 NIST10   1 NIST10              C'
'C 1',       6605.77000,    8.851, -2.314, 0.000, 0.000, 0.000, 99.000,'   1 wl:NIST10   1 NIST10   1 gf:NIST10   1 NIST10   1 NIST10   1 NIST10   1 NIST10              C'
'C 1',       6611.35000,    8.851, -1.837, 0.000, 0.000, 0.000, 99.000,'   1 wl:NIST10   1 NIST10   1 gf:NIST10   1 NIST10   1 NIST10   1 NIST10   1 NIST10              C'
'C 1',       6654.61000,    9.003, -2.024, 0.000, 0.000, 0.000, 99.000,'   1 wl:NIST10   1 NIST10   1 gf:NIST10   1 NIST10   1 NIST10   1 NIST10   1 NIST10              C'
'C 1',       6655.52000,    8.537, -1.999, 0.000, 0.000, 0.000, 99.000,'   1 wl:NIST10   1 NIST10   1 gf:NIST10   1 NIST10   1 NIST10   1 NIST10   1 NIST10              C'
'C 1',       6662.74000,    8.848, -2.127, 0.000, 0.000, 0.000, 99.000,'   1 wl:NIST10   1 NIST10   1 gf:NIST10   1 NIST10   1 NIST10   1 NIST10   1 NIST10              C'
'C 1',       6671.85000,    8.851, -1.651, 0.000, 0.000, 0.000, 99.000,'   1 wl:NIST10   1 NIST10   1 gf:NIST10   1 NIST10   1 NIST10   1 NIST10   1 NIST10              C'
'C 1',       6674.12000,    8.847, -2.225, 0.000, 0.000, 0.000, 99.000,'   1 wl:NIST10   1 NIST10   1 gf:NIST10   1 NIST10   1 NIST10   1 NIST10   1 NIST10              C'
'C 1',       6679.64000,    8.848, -2.351, 0.000, 0.000, 0.000, 99.000,'   1 wl:NIST10   1 NIST10   1 gf:NIST10   1 NIST10   1 NIST10   1 NIST10   1 NIST10              C'
'C 1',       6683.97000,    8.848, -2.226, 0.000, 0.000, 0.000, 99.000,'   1 wl:NIST10   1 NIST10   1 gf:NIST10   1 NIST10   1 NIST10   1 NIST10   1 NIST10              C'
'C 1',       6688.79000,    8.851, -2.129, 0.000, 0.000, 0.000, 99.000,'   1 wl:NIST10   1 NIST10   1 gf:NIST10   1 NIST10   1 NIST10   1 NIST10   1 NIST10              C'
'C 1',       6711.32000,    8.537, -2.694, 0.000, 0.000, 0.000, 99.000,'   1 wl:NIST10   1 NIST10   1 gf:NIST10   1 NIST10   1 NIST10   1 NIST10   1 NIST10              C'
'C 1',       6828.12000,    8.537, -1.461, 0.000, 0.000,-6.886, 99.000,'   1 wl:NIST10   1 NIST10   1 gf:NIST10   3 BPM   3 BPM   3 BPM   3 BPM              C'
'C 1',       6970.28000,    8.640, -3.142, 0.000, 0.000, 0.000, 99.000,'   1 wl:NIST10   1 NIST10   1 gf:NIST10   1 NIST10   1 NIST10   1 NIST10   1 NIST10              C'
'C 1',       7022.13000,    8.643, -2.673, 0.000, 0.000,-6.858, 99.000,'   1 wl:NIST10   1 NIST10   1 gf:NIST10   3 BPM   3 BPM   3 BPM   3 BPM              C'
'C 1',       7056.89000,    8.643, -2.451, 0.000, 0.000, 0.000, 99.000,'   1 wl:NIST10   1 NIST10   1 gf:NIST10   1 NIST10   1 NIST10   1 NIST10   1 NIST10              C'
'C 1',       7065.89000,    8.640, -4.072, 0.000, 0.000,-6.866, 99.000,'   1 wl:NIST10   1 NIST10   1 gf:NIST10   3 BPM   3 BPM   3 BPM   3 BPM              C'
'C 1',       7071.10000,    8.643, -2.845, 0.000, 0.000,-6.865, 99.000,'   1 wl:NIST10   1 NIST10   1 gf:NIST10   3 BPM   3 BPM   3 BPM   3 BPM              C'
'C 1',       7074.86000,    8.640, -2.116, 0.000, 0.000,-6.867, 99.000,'   1 wl:NIST10   1 NIST10   1 gf:NIST10   3 BPM   3 BPM   3 BPM   3 BPM              C'
'C 1',       7076.48000,    8.643, -1.951, 0.000, 0.000,-6.866, 99.000,'   1 wl:NIST10   1 NIST10   1 gf:NIST10   3 BPM   3 BPM   3 BPM   3 BPM              C'
'C 1',       7085.48000,    8.643, -2.374, 0.000, 0.000,-6.867, 99.000,'   1 wl:NIST10   1 NIST10   1 gf:NIST10   3 BPM   3 BPM   3 BPM   3 BPM              C'
'C 1',       7087.83000,    8.647, -1.442, 0.000, 0.000,-6.865, 99.000,'   1 wl:NIST10   1 NIST10   1 gf:NIST10   3 BPM   3 BPM   3 BPM   3 BPM              C'
'C 1',       7089.46000,    8.640, -3.251, 0.000, 0.000, 0.000, 99.000,'   1 wl:NIST10   1 NIST10   1 gf:NIST10   1 NIST10   1 NIST10   1 NIST10   1 NIST10              C'
'C 1',       7093.24000,    8.647, -1.697, 0.000, 0.000,-6.866, 99.000,'   1 wl:NIST10   1 NIST10   1 gf:NIST10   3 BPM   3 BPM   3 BPM   3 BPM              C'
'C 1',       7100.12000,    8.643, -1.470, 0.000, 0.000, 0.000, 99.000,'   1 wl:NIST10   1 NIST10   1 gf:NIST10   1 NIST10   1 NIST10   1 NIST10   1 NIST10              C'
'C 1',       7108.93000,    8.640, -1.594, 0.000, 0.000, 0.000, 99.000,'   1 wl:NIST10   1 NIST10   1 gf:NIST10   1 NIST10   1 NIST10   1 NIST10   1 NIST10              C'
'C 1',       7111.47000,    8.640, -1.085, 0.000, 0.000,-6.872, 99.000,'   1 wl:NIST10   1 NIST10   1 gf:NIST10   3 BPM   3 BPM   3 BPM   3 BPM              C'
'C 1',       7113.18000,    8.647, -0.773, 0.000, 0.000,-6.869, 99.000,'   1 wl:NIST10   1 NIST10   1 gf:NIST10   3 BPM   3 BPM   3 BPM   3 BPM              C'
'C 1',       7115.17000,    8.643, -0.934, 0.000, 0.000,-6.871, 99.000,'   1 wl:NIST10   1 NIST10   1 gf:NIST10   3 BPM   3 BPM   3 BPM   3 BPM              C'
'C 1',       7115.19000,    8.640, -1.473, 0.000, 0.000, 0.000, 99.000,'   1 wl:NIST10   1 NIST10   1 gf:NIST10   1 NIST10   1 NIST10   1 NIST10   1 NIST10              C'
'C 1',       7116.99000,    8.647, -0.907, 0.000, 0.000, 0.000, 99.000,'   1 wl:NIST10   1 NIST10   1 gf:NIST10   1 NIST10   1 NIST10   1 NIST10   1 NIST10              C'
'C 1',       7119.66000,    8.643, -1.148, 0.000, 0.000, 0.000, 99.000,'   1 wl:NIST10   1 NIST10   1 gf:NIST10   1 NIST10   1 NIST10   1 NIST10   1 NIST10              C'
'C 1',       7122.20000,    8.643, -2.117, 0.000, 0.000,-6.872, 99.000,'   1 wl:NIST10   1 NIST10   1 gf:NIST10   3 BPM   3 BPM   3 BPM   3 BPM              C'
'C 1',       7132.11000,    8.647, -2.204, 0.000, 0.000,-6.871, 99.000,'   1 wl:NIST10   1 NIST10   1 gf:NIST10   3 BPM   3 BPM   3 BPM   3 BPM              C'
'C 1',       7139.18000,    8.647, -3.104, 0.000, 0.000,-6.872, 99.000,'   1 wl:NIST10   1 NIST10   1 gf:NIST10   3 BPM   3 BPM   3 BPM   3 BPM              C'
'C 1',       7202.27000,    9.003, -1.917, 0.000, 0.000, 0.000, 99.000,'   1 wl:NIST10   1 NIST10   1 gf:NIST10   1 NIST10   1 NIST10   1 NIST10   1 NIST10              C'
'C 1',       7216.01000,    9.172, -2.257, 0.000, 0.000, 0.000, 99.000,'   1 wl:NIST10   1 NIST10   1 gf:NIST10   1 NIST10   1 NIST10   1 NIST10   1 NIST10              C'
'C 1',       7241.32000,    9.003, -1.681, 0.000, 0.000, 0.000, 99.000,'   1 wl:NIST10   1 NIST10   1 gf:NIST10   1 NIST10   1 NIST10   1 NIST10   1 NIST10              C'
'C 1',       7338.35000,    7.483, -4.620, 0.000, 0.000,-7.291, 99.000,'   1 wl:NIST10   1 NIST10   1 gf:NIST10   3 BPM   3 BPM   3 BPM   3 BPM              C'
'C 1',       7364.74000,    9.003, -1.837, 0.000, 0.000, 0.000, 99.000,'   1 wl:NIST10   1 NIST10   1 gf:NIST10   1 NIST10   1 NIST10   1 NIST10   1 NIST10              C'
'C 1',       7473.31000,    8.771, -2.043, 0.000, 0.000, 0.000, 99.000,'   1 wl:NIST10   1 NIST10   1 gf:NIST10   1 NIST10   1 NIST10   1 NIST10   1 NIST10              C'
'C 1',       7476.18000,    8.771, -1.574, 0.000, 0.000, 0.000, 99.000,'   1 wl:NIST10   1 NIST10   1 gf:NIST10   1 NIST10   1 NIST10   1 NIST10   1 NIST10              C'
'C 1',       7483.45000,    8.771, -1.372, 0.000, 0.000, 0.000, 99.000,'   1 wl:NIST10   1 NIST10   1 gf:NIST10   1 NIST10   1 NIST10   1 NIST10   1 NIST10              C'
'C 1',       7612.10000,    8.771, -2.868, 0.000, 0.000, 0.000, 99.000,'   1 wl:NIST10   1 NIST10   1 gf:NIST10   1 NIST10   1 NIST10   1 NIST10   1 NIST10              C'
'C 1',       7634.91000,    8.771, -3.166, 0.000, 0.000,-6.868, 99.000,'   1 wl:NIST10   1 NIST10   1 gf:NIST10   3 BPM   3 BPM   3 BPM   3 BPM              C'
'C 1',       7662.44000,    8.771, -1.277, 0.000, 0.000, 0.000, 99.000,'   1 wl:NIST10   1 NIST10   1 gf:NIST10   1 NIST10   1 NIST10   1 NIST10   1 NIST10              C'
'C 1',       7685.19000,    8.771, -1.519, 0.000, 0.000, 0.000, 99.000,'   1 wl:NIST10   1 NIST10   1 gf:NIST10   1 NIST10   1 NIST10   1 NIST10   1 NIST10              C'
'C 1',       7692.49000,    8.771, -1.980, 0.000, 0.000, 0.000, 99.000,'   1 wl:NIST10   1 NIST10   1 gf:NIST10   1 NIST10   1 NIST10   1 NIST10   1 NIST10              C'
'C 1',       7832.64000,    8.847, -1.807, 0.000, 0.000, 0.000, 99.000,'   1 wl:NIST10   1 NIST10   1 gf:NIST10   1 NIST10   1 NIST10   1 NIST10   1 NIST10              C'
'C 1',       7837.10000,    8.848, -1.778, 0.000, 0.000, 0.000, 99.000,'   1 wl:NIST10   1 NIST10   1 gf:NIST10   1 NIST10   1 NIST10   1 NIST10   1 NIST10              C'
'C 1',       7840.25000,    8.848, -1.845, 0.000, 0.000, 0.000, 99.000,'   1 wl:NIST10   1 NIST10   1 gf:NIST10   1 NIST10   1 NIST10   1 NIST10   1 NIST10              C'
'C 1',       7848.24000,    8.848, -1.731, 0.000, 0.000, 0.000, 99.000,'   1 wl:NIST10   1 NIST10   1 gf:NIST10   1 NIST10   1 NIST10   1 NIST10   1 NIST10              C'
'C 1',       7852.86000,    8.851, -1.682, 0.000, 0.000, 0.000, 99.000,'   1 wl:NIST10   1 NIST10   1 gf:NIST10   1 NIST10   1 NIST10   1 NIST10   1 NIST10              C'
'C 1',       7860.89000,    8.851, -1.149, 0.000, 0.000, 0.000, 99.000,'   1 wl:NIST10   1 NIST10   1 gf:NIST10   1 NIST10   1 NIST10   1 NIST10   1 NIST10              C'
'C 1',       7892.20000,    8.848, -3.348, 0.000, 0.000, 0.000, 99.000,'   1 wl:NIST10   1 NIST10   1 gf:NIST10   1 NIST10   1 NIST10   1 NIST10   1 NIST10              C'
'C 1',       7981.96000,    8.847, -2.984, 0.000, 0.000, 0.000, 99.000,'   1 wl:NIST10   1 NIST10   1 gf:NIST10   1 NIST10   1 NIST10   1 NIST10   1 NIST10              C'
'C 1',       7987.90000,    9.172, -2.069, 0.000, 0.000, 0.000, 99.000,'   1 wl:NIST10   1 NIST10   1 gf:NIST10   1 NIST10   1 NIST10   1 NIST10   1 NIST10              C'
'C 1',       8015.00000,    8.848, -1.646, 0.000, 0.000,-6.868, 99.000,'   1 wl:NIST10   1 NIST10   1 gf:NIST10   3 BPM   3 BPM   3 BPM   3 BPM              C'
'C 1',       8018.57000,    8.847, -2.130, 0.000, 0.000,-6.869, 99.000,'   1 wl:NIST10   1 NIST10   1 gf:NIST10   3 BPM   3 BPM   3 BPM   3 BPM              C'
'C 1',       8021.25000,    8.851, -1.668, 0.000, 0.000,-6.867, 99.000,'   1 wl:NIST10   1 NIST10   1 gf:NIST10   3 BPM   3 BPM   3 BPM   3 BPM              C'
'C 1',       8026.55000,    8.848, -2.616, 0.000, 0.000,-6.869, 99.000,'   1 wl:NIST10   1 NIST10   1 gf:NIST10   3 BPM   3 BPM   3 BPM   3 BPM              C'
'C 1',       8028.18000,    8.851, -3.960, 0.000, 0.000,-6.868, 99.000,'   1 wl:NIST10   1 NIST10   1 gf:NIST10   3 BPM   3 BPM   3 BPM   3 BPM              C'
'C 1',       8045.34000,    8.848, -1.881, 0.000, 0.000, 0.000, 99.000,'   1 wl:NIST10   1 NIST10   1 gf:NIST10   1 NIST10   1 NIST10   1 NIST10   1 NIST10              C'
'C 1',       8058.62000,    8.851, -1.275, 0.000, 0.000, 0.000, 99.000,'   1 wl:NIST10   1 NIST10   1 gf:NIST10   1 NIST10   1 NIST10   1 NIST10   1 NIST10              C'
'C 1',       8062.36000,    8.847, -1.855, 0.000, 0.000, 0.000, 99.000,'   1 wl:NIST10   1 NIST10   1 gf:NIST10   1 NIST10   1 NIST10   1 NIST10   1 NIST10              C'
'C 1',       8070.43000,    8.848, -1.952, 0.000, 0.000, 0.000, 99.000,'   1 wl:NIST10   1 NIST10   1 gf:NIST10   1 NIST10   1 NIST10   1 NIST10   1 NIST10              C'
'C 1',       8078.01000,    8.851, -3.071, 0.000, 0.000,-6.873, 99.000,'   1 wl:NIST10   1 NIST10   1 gf:NIST10   3 BPM   3 BPM   3 BPM   3 BPM              C'
'C 1',       8078.48000,    8.848, -1.816, 0.000, 0.000, 0.000, 99.000,'   1 wl:NIST10   1 NIST10   1 gf:NIST10   1 NIST10   1 NIST10   1 NIST10   1 NIST10              C'
'C 1',       8083.79000,    8.851, -1.732, 0.000, 0.000, 0.000, 99.000,'   1 wl:NIST10   1 NIST10   1 gf:NIST10   1 NIST10   1 NIST10   1 NIST10   1 NIST10              C'
'C 1',       8155.64000,    7.483, -4.191, 0.000, 0.000,-7.329, 99.000,'   1 wl:NIST10   1 NIST10   1 gf:NIST10   3 BPM   3 BPM   3 BPM   3 BPM              C'
'C 1',       8182.68000,    7.488, -4.385, 0.000, 0.000,-7.329, 99.000,'   1 wl:NIST10   1 NIST10   1 gf:NIST10   3 BPM   3 BPM   3 BPM   3 BPM              C'
'C 1',       8335.15000,    7.685, -0.437, 0.000, 0.000,-7.283, 99.000,'   1 wl:NIST10   1 NIST10   1 gf:NIST10   3 BPM   3 BPM   3 BPM   3 BPM              C'
'C 1',       8727.13000,    1.264, -8.165, 0.000, 0.000, 0.000, 99.000,'   2 wl:NIST10   2 NIST10   2 gf:NIST10   2 NIST10   2 NIST10   2 NIST10   2 NIST10              C'
'C 1',       8753.07000,    9.003, -1.744, 0.000, 0.000, 0.000, 99.000,'   1 wl:NIST10   1 NIST10   1 gf:NIST10   1 NIST10   1 NIST10   1 NIST10   1 NIST10              C'
'C 1',       8873.36000,    9.003, -1.139, 0.000, 0.000, 0.000, 99.000,'   1 wl:NIST10   1 NIST10   1 gf:NIST10   1 NIST10   1 NIST10   1 NIST10   1 NIST10              C'
'C 1',       8918.63000,    9.003, -2.425, 0.000, 0.000,-6.869, 99.000,'   1 wl:NIST10   1 NIST10   1 gf:NIST10   3 BPM   3 BPM   3 BPM   3 BPM              C'
'C 1',       8972.84000,    9.003, -2.617, 0.000, 0.000, 0.000, 99.000,'   1 wl:NIST10   1 NIST10   1 gf:NIST10   1 NIST10   1 NIST10   1 NIST10   1 NIST10              C'
'C 1',       9061.43000,    7.483, -0.347, 0.000, 0.000,-7.359, 99.000,'   1 wl:NIST10   1 NIST10   1 gf:NIST10   3 BPM   3 BPM   3 BPM   3 BPM              C'
'C 1',       9062.47000,    7.480, -0.455, 0.000, 0.000,-7.360, 99.000,'   1 wl:NIST10   1 NIST10   1 gf:NIST10   3 BPM   3 BPM   3 BPM   3 BPM              C'
'C 1',       9078.28000,    7.483, -0.581, 0.000, 0.000,-7.360, 99.000,'   1 wl:NIST10   1 NIST10   1 gf:NIST10   3 BPM   3 BPM   3 BPM   3 BPM              C'
'C 1',       9088.51000,    7.483, -0.430, 0.000, 0.000,-7.360, 99.000,'   1 wl:NIST10   1 NIST10   1 gf:NIST10   3 BPM   3 BPM   3 BPM   3 BPM              C'
'C 1',       9094.83000,    7.488,  0.151, 0.000, 0.000,-7.359, 99.000,'   1 wl:NIST10   1 NIST10   1 gf:NIST10   3 BPM   3 BPM   3 BPM   3 BPM              C'
'C 1',       9111.80000,    7.488, -0.297, 0.000, 0.000,-7.359, 99.000,'   1 wl:NIST10   1 NIST10   1 gf:NIST10   3 BPM   3 BPM   3 BPM   3 BPM              C'
'C 1',       9182.83000,    9.003, -1.755, 0.000, 0.000,-6.893, 99.000,'   1 wl:NIST10   1 NIST10   1 gf:NIST10   3 BPM   3 BPM   3 BPM   3 BPM              C'
'C 1',       9398.52000,    9.695, -4.961, 0.000, 0.000, 0.000, 99.000,'   1 wl:NIST10   1 NIST10   1 gf:NIST10   1 NIST10   1 NIST10   1 NIST10   1 NIST10              C'
'C 1',       9405.73000,    7.685,  0.286, 0.000, 0.000,-7.319, 99.000,'   1 wl:NIST10   1 NIST10   1 gf:NIST10   3 BPM   3 BPM   3 BPM   3 BPM              C'
'C 1',       9413.07000,    9.697, -3.410, 0.000, 0.000, 0.000, 99.000,'   1 wl:NIST10   1 NIST10   1 gf:NIST10   1 NIST10   1 NIST10   1 NIST10   1 NIST10              C'
'C 1',       9413.29000,    9.713, -2.437, 0.000, 0.000, 0.000, 99.000,'   1 wl:NIST10   1 NIST10   1 gf:NIST10   1 NIST10   1 NIST10   1 NIST10   1 NIST10              C'
'C 1',       9435.62000,    9.695, -3.411, 0.000, 0.000, 0.000, 99.000,'   1 wl:NIST10   1 NIST10   1 gf:NIST10   1 NIST10   1 NIST10   1 NIST10   1 NIST10              C'
'C 1',       9438.69000,    9.695, -2.680, 0.000, 0.000, 0.000, 99.000,'   1 wl:NIST10   1 NIST10   1 gf:NIST10   1 NIST10   1 NIST10   1 NIST10   1 NIST10              C'
'C 1',       9443.69000,    9.702, -2.350, 0.000, 0.000, 0.000, 99.000,'   1 wl:NIST10   1 NIST10   1 gf:NIST10   1 NIST10   1 NIST10   1 NIST10   1 NIST10              C'
'C 1',       9450.28000,    9.697, -2.510, 0.000, 0.000, 0.000, 99.000,'   1 wl:NIST10   1 NIST10   1 gf:NIST10   1 NIST10   1 NIST10   1 NIST10   1 NIST10              C'
'C 1',       9455.21000,    9.713, -2.469, 0.000, 0.000, 0.000, 99.000,'   1 wl:NIST10   1 NIST10   1 gf:NIST10   1 NIST10   1 NIST10   1 NIST10   1 NIST10              C'
'C 1',       9603.03000,    7.480, -0.896, 0.000, 0.000,-7.374, 99.000,'   1 wl:NIST10   1 NIST10   1 gf:NIST10   3 BPM   3 BPM   3 BPM   3 BPM              C'
'C 1',       9620.80000,    7.483, -0.445, 0.000, 0.000,-7.374, 99.000,'   1 wl:NIST10   1 NIST10   1 gf:NIST10   3 BPM   3 BPM   3 BPM   3 BPM              C'
'C 1',       9627.62000,    9.736, -2.168, 0.000, 0.000, 0.000, 99.000,'   1 wl:NIST10   1 NIST10   1 gf:NIST10   1 NIST10   1 NIST10   1 NIST10   1 NIST10              C'
'C 1',       9629.92000,    9.631, -2.418, 0.000, 0.000, 0.000, 99.000,'   1 wl:NIST10   1 NIST10   1 gf:NIST10   1 NIST10   1 NIST10   1 NIST10   1 NIST10              C'
'C 1',       9658.44000,    7.488, -0.280, 0.000, 0.000,-7.373, 99.000,'   1 wl:NIST10   1 NIST10   1 gf:NIST10   3 BPM   3 BPM   3 BPM   3 BPM              C'
'C 1',       9824.13000,    0.002,-11.278, 0.000, 0.000, 0.000, 99.000,'   2 wl:NIST10   2 NIST10   2 gf:NIST10   2 NIST10   2 NIST10   2 NIST10   2 NIST10              C'
'C 1',       9850.26000,    0.005,-13.109, 0.000, 0.000, 0.000, 99.000,'   2 wl:NIST10   2 NIST10   2 gf:NIST10   2 NIST10   2 NIST10   2 NIST10   2 NIST10              C'
'C 1',       9850.26000,    0.005,-10.802, 0.000, 0.000, 0.000, 99.000,'   2 wl:NIST10   2 NIST10   2 gf:NIST10   2 NIST10   2 NIST10   2 NIST10   2 NIST10              C'
'C 1',       9941.35000,    9.172, -1.986, 0.000, 0.000, 0.000, 99.000,'   1 wl:NIST10   1 NIST10   1 gf:NIST10   1 NIST10   1 NIST10   1 NIST10   1 NIST10              C'
